,top_p_level,cosine
0,0.2,0.71527076
1,0.4,0.7014326
2,0.6000000000000001,0.6615445
3,0.8,0.72730255
4,1.0,0.6765232
