,top_p_level,cosine
0,0.2,0.7369668
1,0.4,0.69740486
2,0.6000000000000001,0.6749355
3,0.8,0.65507483
4,1.0,0.73260236
