,top_p_level,cosine
0,0.2,0.63985246
1,0.4,0.6161113
2,0.6000000000000001,0.611802
3,0.8,0.60704374
4,1.0,0.6260107
