,top_p_level,cosine
0,0.2,0.72630477
1,0.4,0.72766393
2,0.6000000000000001,0.64791214
3,0.8,0.7297031
4,1.0,0.71413696
