,top_p_level,cosine
0,0.2,0.73059523
1,0.4,0.66102767
2,0.6000000000000001,0.5421927
3,0.8,0.69167334
4,1.0,0.6417266
