,top_p_level,cosine
0,0.2,0.6975278
1,0.4,0.6399838
2,0.6000000000000001,0.63606715
3,0.8,0.6912875
4,1.0,0.74096924
