,top_p_level,cosine
0,0.2,0.6204635
1,0.4,0.6052147
2,0.6000000000000001,0.60945165
3,0.8,0.639361
4,1.0,0.6422613
